underlying_symbol,quote_datetime,root,expiration,strike,option_type,open,high,low,close,trade_volume,bid_size,bid,ask_size,ask,underlying_bid,underlying_ask,moneyness,implied_vol
^VIX,2021-04-26 10:00:00,VIX,2021-07-21,20.0,C,5.2,5.2,5.2,5.2,36,641,5.2,27497,5.3,17.84,17.84,-0.11428914640212766,1.744630761218203
^VIX,2021-04-26 10:00:00,VIX,2021-07-21,21.0,C,4.7,4.7,4.7,4.7,10,26926,4.7,38764,4.9,17.84,17.84,-0.1630793105715596,1.6790137132394534
^VIX,2021-04-26 10:00:00,VIX,2021-07-21,26.0,C,3.22,3.22,3.2,3.2,6,2377,3.2,35441,3.3,17.84,17.84,-0.3766534108696188,1.5829270868331313
^VIX,2021-04-26 10:00:00,VIX,2021-07-21,60.0,C,0.59,0.59,0.59,0.59,700,28519,0.55,3071,0.6,17.84,17.84,-1.2129014350702374,1.584395951380896
^VIX,2021-04-26 10:00:00,VIX,2021-07-21,19.0,P,1.3,1.3,1.3,1.3,134,22650,1.25,40176,1.35,17.84,17.84,-0.06299585201457714,0.1697028726731904
^VIX,2021-04-26 10:00:00,VIX,2021-07-21,29.0,C,2.55,2.6,2.55,2.6,3,10,2.6,44270,2.7,17.84,17.84,-0.4858527028346108,1.537436166819203
^VIX,2021-04-26 10:00:00,VIX,2021-07-21,37.5,C,1.57,1.65,1.57,1.65,16,19955,1.55,25744,1.65,17.84,17.84,-0.7428978058245018,1.53955963176411
^VIX,2021-04-26 10:00:00,VIX,2021-07-21,28.0,C,2.79,2.85,2.79,2.85,18,22829,2.75,10933,2.85,17.84,17.84,-0.4507613830233406,1.5614246250567323
^VIX,2021-04-26 10:00:00,VIX,2021-07-21,23.0,C,4.07,4.07,4.05,4.05,12,9150,4.0,7504,4.1,17.84,17.84,-0.25405108877728644,1.643475323457952
^VIX,2021-04-26 10:00:00,VIX,2021-07-21,18.0,C,6.4,6.4,6.31,6.31,3,510,6.3,13166,6.4,17.84,17.84,-0.008928630744301431,1.9295910034083041
^VIX,2021-04-26 10:00:00,VIX,2021-07-21,40.0,C,1.5,1.5,1.4,1.42,234,5,1.4,21194,1.45,17.84,17.84,-0.807436326962073,1.586580159588526
^VIX,2021-04-26 10:00:00,VIX,2021-07-21,70.0,C,0.4,0.4,0.4,0.4,2000,49052,0.35,483,0.4,17.84,17.84,-1.3670521148974957,1.590476400484167
^VIX,2021-04-26 10:00:00,VIX,2021-07-21,24.0,C,3.8,3.8,3.8,3.8,3,8289,3.7,15643,3.8,17.84,17.84,-0.29661070319608235,1.6315877890756139
^VIX,2021-04-26 10:00:00,VIX,2021-07-21,27.0,P,6.6,6.6,6.6,6.6,1,7278,6.5,34290,6.6,17.84,17.84,-0.4143937388524658,
^VIX,2021-04-26 10:00:00,VIX,2021-07-21,65.0,C,0.5,0.5,0.5,0.5,700,27566,0.45,5068,0.5,17.84,17.84,-1.2929441427437738,1.5982429093636632
^VIX,2021-04-26 10:00:00,VIX,2021-07-21,17.0,C,6.99,7.01,6.99,7.01,7,28748,6.9,19077,7.1,17.84,17.84,0.048229783095647155,2.017195341011269
^VIX,2021-04-26 10:00:00,VIX,2021-07-21,17.0,P,0.57,0.59,0.57,0.57,18,1470,0.55,42383,0.6,17.84,17.84,0.048229783095647155,0.2835070103726238
^VIX,2021-04-26 10:00:00,VIX,2021-07-21,42.5,C,1.26,1.26,1.26,1.26,12,24504,1.2,38979,1.3,17.84,17.84,-0.8680609487785078,1.562411684866569
^VIX,2021-04-26 10:00:00,VIX,2021-07-21,11.0,C,12.4,12.4,12.4,12.4,1,220,12.4,4433,12.6,17.84,17.84,0.4835478543534928,3.492251495457068
^VIX,2021-04-26 10:00:00,VIX,2021-07-21,45.0,C,1.1,1.1,1.1,1.1,6,48654,1.05,19093,1.15,17.84,17.84,-0.9252193626184565,1.5578411664804168
^VIX,2021-04-26 10:00:00,VIX,2021-07-21,15.0,P,0.16,0.17,0.16,0.17,15,708,0.15,55257,0.2,17.84,17.84,0.17339292604965326,0.319683957983693
^VIX,2021-04-26 10:00:00,VIX,2021-07-21,30.0,C,2.47,2.5,2.45,2.5,1017,11,2.45,15391,2.5,17.84,17.84,-0.519754254510292,1.5581432251665286
^VIX,2021-04-26 10:00:00,VIX,2021-07-21,27.0,C,3.1,3.1,3.1,3.1,1,22651,2.95,39876,3.1,17.84,17.84,-0.4143937388524658,1.601914943916802
^VIX,2021-04-26 10:00:00,VIX,2021-07-21,25.0,C,3.58,3.58,3.4,3.5,259,33853,3.4,42875,3.6,17.84,17.84,-0.33743269771633744,1.6296956946311238
^VIX,2021-04-26 10:30:00,VIX,2021-07-21,65.0,C,0.45,0.45,0.45,0.45,1,28991,0.4,1197,0.45,17.75,17.75,-1.2980017539742124,1.5705738240709812
^VIX,2021-04-26 10:30:00,VIX,2021-07-21,35.0,C,1.85,1.85,1.85,1.85,1,24253,1.7,24070,1.8,17.75,17.75,-0.678962545567989,1.5638397265862223
^VIX,2021-04-26 10:30:00,VIX,2021-07-21,20.0,C,5.1,5.14,5.1,5.14,2,47357,5.0,32869,5.2,17.75,17.75,-0.11934675763256625,1.7310765986855468
^VIX,2021-04-26 10:30:00,VIX,2021-07-21,14.0,C,9.37,9.37,9.37,9.37,1,911,9.3,27532,9.5,17.75,17.75,0.23732818630616614,2.5475465111342324
^VIX,2021-04-26 10:30:00,VIX,2021-07-21,29.0,P,8.2,8.2,8.2,8.2,3,310,8.2,25446,8.3,17.75,17.75,-0.4909103140650493,
^VIX,2021-04-26 10:30:00,VIX,2021-07-21,26.0,C,3.2,3.2,3.2,3.2,5,14689,3.1,13122,3.2,17.75,17.75,-0.3817110221000572,1.5891446371109117
^VIX,2021-04-26 10:30:00,VIX,2021-07-21,22.0,C,4.31,4.31,4.31,4.31,2,43568,4.2,42103,4.4,17.75,17.75,-0.21465693743689113,1.6564431799060468
^VIX,2021-04-26 10:30:00,VIX,2021-07-21,29.0,C,2.5,2.5,2.5,2.5,9,10101,2.5,21822,2.6,17.75,17.75,-0.4909103140650493,1.5329565458018297
^VIX,2021-04-26 10:30:00,VIX,2021-07-21,60.0,C,0.55,0.55,0.55,0.55,100,14621,0.5,3686,0.55,17.75,17.75,-1.217959046300676,1.5666544412275427
^VIX,2021-04-26 10:30:00,VIX,2021-07-21,18.0,P,0.9,0.9,0.9,0.9,1,31556,0.85,31416,0.95,17.75,17.75,-0.01398624197473984,0.23286562418370463
^VIX,2021-04-26 10:30:00,VIX,2021-07-21,24.0,C,3.64,3.64,3.64,3.64,1,20496,3.6,2485,3.7,17.75,17.75,-0.30166831442652076,1.5983668715566257
^VIX,2021-04-26 10:30:00,VIX,2021-07-21,23.0,C,4.0,4.0,4.0,4.0,1,17237,3.9,2152,4.0,17.75,17.75,-0.2591087000077249,1.6370362765182562
^VIX,2021-04-26 10:30:00,VIX,2021-07-21,18.0,C,6.2,6.2,6.2,6.2,4,24580,6.1,21734,6.3,17.75,17.75,-0.01398624197473984,1.8847925836633244
^VIX,2021-04-26 10:30:00,VIX,2021-07-21,25.0,C,3.52,3.52,3.39,3.4,198,48322,3.3,42373,3.5,17.75,17.75,-0.342490308946776,1.6250194256232326
^VIX,2021-04-26 10:30:00,VIX,2021-07-21,40.0,C,1.42,1.42,1.34,1.35,233,4649,1.3,2442,1.35,17.75,17.75,-0.8124939381925116,1.5657067247261747
^VIX,2021-04-26 10:30:00,VIX,2021-07-21,17.0,P,0.57,0.57,0.57,0.57,1,3116,0.55,21277,0.6,17.75,17.75,0.04317217186520878,0.2739634154544627
^VIX,2021-04-26 10:30:00,VIX,2021-07-21,30.0,C,2.45,2.45,2.45,2.45,4,4046,2.35,45691,2.45,17.75,17.75,-0.5248118657407306,1.5624549617960517
^VIX,2021-04-26 10:30:00,VIX,2021-07-21,16.0,C,7.7,7.7,7.7,7.7,2,26306,7.5,1220,7.7,17.75,17.75,0.10379679368164356,2.1697117668902854
^VIX,2021-04-26 10:30:00,VIX,2021-07-21,24.0,P,4.29,4.29,4.28,4.28,3,13108,4.3,16054,4.4,17.75,17.75,-0.30166831442652076,
^VIX,2021-04-26 11:00:00,VIX,2021-07-21,28.0,C,2.77,2.77,2.77,2.77,500,20388,2.7,11471,2.8,17.74,17.74,-0.4563825332937705,1.5678314591066478
^VIX,2021-04-26 11:00:00,VIX,2021-07-21,27.0,P,6.59,6.59,6.59,6.59,1,36896,6.5,47256,6.7,17.74,17.74,-0.42001488912289575,
^VIX,2021-04-26 11:00:00,VIX,2021-07-21,23.0,C,3.9,3.9,3.9,3.9,1,42426,3.9,43342,4.1,17.74,17.74,-0.2596722390477163,1.6094040202245565
^VIX,2021-04-26 11:00:00,VIX,2021-07-21,26.0,C,3.2,3.2,3.2,3.2,5,44353,3.1,44362,3.3,17.74,17.74,-0.38227456114004865,1.590485944459673
^VIX,2021-04-26 11:00:00,VIX,2021-07-21,25.0,C,3.4,3.44,3.4,3.43,8,49353,3.3,41600,3.5,17.74,17.74,-0.34305384798676747,1.5914686801878277
^VIX,2021-04-26 11:00:00,VIX,2021-07-21,29.0,P,8.23,8.23,8.23,8.23,10,38471,8.1,45118,8.3,17.74,17.74,-0.4914738531050407,
^VIX,2021-04-26 11:00:00,VIX,2021-07-21,24.0,P,4.3,4.4,4.3,4.4,11,48822,4.2,37442,4.4,17.74,17.74,-0.3022318534665122,
^VIX,2021-04-26 11:00:00,VIX,2021-07-21,45.0,P,22.68,22.68,22.68,22.68,50,549,22.6,461,22.7,17.74,17.74,-0.9308405128888864,
^VIX,2021-04-26 11:00:00,VIX,2021-07-21,18.0,P,0.9,0.9,0.9,0.9,10,28428,0.85,48633,0.95,17.74,17.74,-0.014549781014731299,0.23136517501244316
^VIX,2021-04-26 11:00:00,VIX,2021-07-21,18.0,C,6.3,6.3,6.2,6.2,16,1822,6.2,602,6.3,17.74,17.74,-0.014549781014731299,1.9191653347046842
^VIX,2021-04-26 11:00:00,VIX,2021-07-21,17.0,C,6.9,6.9,6.9,6.9,7,3,6.9,11460,7.0,17.74,17.74,0.04260863282521729,2.010651469794443
^VIX,2021-04-26 11:00:00,VIX,2021-07-21,16.0,P,0.32,0.32,0.32,0.32,2000,7033,0.3,25578,0.35,17.74,17.74,0.1032332546416521,0.29603189861799195
^VIX,2021-04-26 11:00:00,VIX,2021-07-21,37.5,C,1.55,1.55,1.55,1.55,500,13710,1.5,47045,1.6,17.74,17.74,-0.7485189560949318,1.5419559921856032
^VIX,2021-04-26 11:00:00,VIX,2021-07-21,30.0,C,2.41,2.41,2.38,2.4,190,21716,2.35,17261,2.45,17.74,17.74,-0.5253754047807221,1.5513865723883613
^VIX,2021-04-26 11:00:00,VIX,2021-07-21,50.0,C,0.82,0.82,0.82,0.82,11,6271,0.8,2576,0.85,17.74,17.74,-1.0362010285467127,1.5456681241413688
^VIX,2021-04-26 11:00:00,VIX,2021-07-21,40.0,C,1.34,1.35,1.34,1.35,8,21689,1.3,26075,1.4,17.74,17.74,-0.813057477232503,1.5369023748155926
^VIX,2021-04-26 11:00:00,VIX,2021-07-21,19.0,P,1.3,1.3,1.3,1.3,5,31703,1.25,21592,1.35,17.74,17.74,-0.06861700228500715,0.13823723251264847
^VIX,2021-04-26 11:00:00,VIX,2021-07-21,35.0,C,1.78,1.78,1.78,1.78,1,44639,1.7,7324,1.8,17.74,17.74,-0.6795260846079804,1.5415291334220473
^VIX,2021-04-26 11:00:00,VIX,2021-07-21,14.0,P,0.07,0.07,0.07,0.07,2000,5060,0.05,58739,0.1,17.74,17.74,0.2367646472661748,0.3263389334664192
^VIX,2021-04-26 11:00:00,VIX,2021-07-21,40.0,P,18.0,18.0,18.0,18.0,50,3789,17.9,722,18.0,17.74,17.74,-0.813057477232503,
^VIX,2021-04-26 11:30:00,VIX,2021-07-21,25.0,C,3.41,3.5,3.41,3.45,26,29,3.4,40260,3.5,17.76,17.76,-0.3419270873041767,1.5915903785983918
^VIX,2021-04-26 11:30:00,VIX,2021-07-21,26.0,C,3.16,3.16,3.16,3.16,15,43603,3.1,39229,3.3,17.76,17.76,-0.38114780045745794,1.5761057658679622
^VIX,2021-04-26 11:30:00,VIX,2021-07-21,50.0,C,0.81,0.81,0.81,0.81,150,9482,0.8,2045,0.85,17.76,17.76,-1.035074267864122,1.539333478026162
^VIX,2021-04-26 11:30:00,VIX,2021-07-21,17.0,C,6.9,6.9,6.9,6.9,3,31354,6.8,15969,7.0,17.76,17.76,0.04373539350780811,2.005925077263727
^VIX,2021-04-26 11:30:00,VIX,2021-07-21,40.0,C,1.35,1.35,1.32,1.35,23,22329,1.3,26618,1.4,17.76,17.76,-0.8119307165499121,1.5388586571081424
^VIX,2021-04-26 11:30:00,VIX,2021-07-21,60.0,C,0.55,0.55,0.55,0.55,3,24564,0.5,1490,0.55,17.76,17.76,-1.2173958246580765,1.565972418802587
^VIX,2021-04-26 11:30:00,VIX,2021-07-21,21.0,C,4.69,4.69,4.69,4.69,8,45362,4.6,23894,4.8,17.76,17.76,-0.16757370015939896,1.6898965582330816
^VIX,2021-04-26 11:30:00,VIX,2021-07-21,18.0,C,6.3,6.3,6.3,6.3,2,1401,6.2,675,6.3,17.76,17.76,-0.013423020332140548,1.9148103611570655
^VIX,2021-04-26 11:30:00,VIX,2021-07-21,19.0,C,5.62,5.62,5.62,5.62,8,10604,5.6,424,5.7,17.76,17.76,-0.06749024160241641,1.7978798617113216
^VIX,2021-04-26 12:00:00,VIX,2021-07-21,40.0,C,1.35,1.35,1.35,1.35,13,24625,1.3,27022,1.4,17.79,17.79,-0.8102429524361926,1.5361782263122592
^VIX,2021-04-26 12:00:00,VIX,2021-07-21,17.0,C,7.1,7.1,7.1,7.1,1,16725,6.9,34557,7.1,17.79,17.79,0.04542315762152762,2.06612191095087
^VIX,2021-04-26 12:00:00,VIX,2021-07-21,14.0,P,0.07,0.07,0.07,0.07,1000,8247,0.05,59046,0.1,17.79,17.79,0.23957917206248514,0.3292044003200438
^VIX,2021-04-26 12:00:00,VIX,2021-07-21,80.0,C,0.25,0.25,0.25,0.25,1,38747,0.2,42991,0.3,17.79,17.79,-1.5033901329961379,1.5692494394744854
^VIX,2021-04-26 12:00:00,VIX,2021-07-21,16.0,P,0.32,0.32,0.32,0.32,1000,3547,0.3,48902,0.35,17.79,17.79,0.1060477794379625,0.30022355295798814
^VIX,2021-04-26 12:00:00,VIX,2021-07-21,70.0,C,0.35,0.35,0.35,0.35,50,49350,0.3,37643,0.4,17.79,17.79,-1.3698587403716154,1.554623714276649
^VIX,2021-04-26 12:00:00,VIX,2021-07-21,95.0,C,0.15,0.15,0.15,0.15,239,28275,0.1,40964,0.2,17.79,17.79,-1.6752403899227972,1.5746937761843616
^VIX,2021-04-26 12:00:00,VIX,2021-07-21,35.0,C,1.76,1.76,1.76,1.76,10,28,1.75,117,1.8,17.79,17.79,-0.67671155981167,1.5298526607134826
^VIX,2021-04-26 12:00:00,VIX,2021-07-21,25.0,C,3.45,3.46,3.44,3.44,3,26553,3.4,2695,3.5,17.79,17.79,-0.34023932319045697,1.5990311366137773
^VIX,2021-04-26 12:30:00,VIX,2021-07-21,50.0,C,0.82,0.82,0.82,0.82,1,8690,0.8,3733,0.85,17.93,17.93,-1.0255477178111045,1.5312941435577363
^VIX,2021-04-26 12:30:00,VIX,2021-07-21,37.5,C,1.55,1.55,1.55,1.55,15,15627,1.5,29152,1.6,17.93,17.93,-0.7378656453593236,1.5241320059217363
^VIX,2021-04-26 12:30:00,VIX,2021-07-21,40.0,C,1.35,1.35,1.35,1.35,50,20849,1.3,27955,1.4,17.93,17.93,-0.8024041664968948,1.5237346474288536
^VIX,2021-04-26 12:30:00,VIX,2021-07-21,27.0,P,6.5,6.5,6.5,6.5,1,37351,6.4,43148,6.6,17.93,17.93,-0.4093615783872876,
^VIX,2021-04-26 12:30:00,VIX,2021-07-21,42.5,C,1.2,1.2,1.2,1.2,15,11340,1.15,22,1.2,17.93,17.93,-0.8630287883133296,1.531362447662659
^VIX,2021-04-26 12:30:00,VIX,2021-07-21,30.0,C,2.42,2.42,2.42,2.42,1,22,2.4,1207,2.45,17.93,17.93,-0.5147220940451138,1.5326808938368448
^VIX,2021-04-26 12:30:00,VIX,2021-07-21,120.0,C,0.05,0.05,0.05,0.05,30,6240,0.05,7758,0.1,17.93,17.93,-1.9010164551650044,1.5144413334309148
^VIX,2021-04-26 12:30:00,VIX,2021-07-21,16.0,P,0.32,0.32,0.32,0.32,2000,36752,0.25,53972,0.35,17.93,17.93,0.11388656537726026,0.3117779147425247
^VIX,2021-04-26 12:30:00,VIX,2021-07-21,18.0,P,0.87,0.87,0.87,0.87,10,37549,0.8,27496,0.9,17.93,17.93,-0.003896470279123235,0.24997628561623184
^VIX,2021-04-26 12:30:00,VIX,2021-07-21,19.0,P,1.27,1.27,1.27,1.27,10,22,1.25,12278,1.3,17.93,17.93,-0.05796369154939895,0.18233141518098386
^VIX,2021-04-26 12:30:00,VIX,2021-07-21,15.0,P,0.15,0.15,0.15,0.15,15,36562,0.1,51934,0.2,17.93,17.93,0.17842508651483147,0.3195364447483556
^VIX,2021-04-26 12:30:00,VIX,2021-07-21,17.0,C,7.02,7.02,7.02,7.02,2,25291,6.9,30797,7.1,17.93,17.93,0.05326194356082541,2.0059450335002915
^VIX,2021-04-26 12:30:00,VIX,2021-07-21,25.0,C,3.5,3.5,3.48,3.48,2,16855,3.4,15843,3.5,17.93,17.93,-0.3324005372511593,1.5939194942664425
^VIX,2021-04-26 12:30:00,VIX,2021-07-21,17.0,P,0.55,0.55,0.55,0.55,15,22176,0.5,52674,0.6,17.93,17.93,0.05326194356082541,0.2863914503145694
^VIX,2021-04-26 12:30:00,VIX,2021-07-21,20.0,C,5.2,5.2,5.2,5.2,1,43638,5.1,32646,5.3,17.93,17.93,-0.10925698593694952,1.7279406685722736
^VIX,2021-04-26 12:30:00,VIX,2021-07-21,24.0,C,3.76,3.77,3.76,3.77,4,47134,3.6,37536,3.8,17.93,17.93,-0.2915785427309041,1.6067959268903593
^VIX,2021-04-26 12:30:00,VIX,2021-07-21,23.0,C,4.1,4.1,4.1,4.1,2,22,4.0,35034,4.1,17.93,17.93,-0.24901892831210817,1.6382239294547607
^VIX,2021-04-26 12:30:00,VIX,2021-07-21,14.0,P,0.07,0.07,0.07,0.07,2000,5783,0.05,58162,0.1,17.93,17.93,0.24741795800178287,0.3371528670916639
^VIX,2021-04-26 13:00:00,VIX,2021-07-21,40.0,C,1.35,1.35,1.35,1.35,5,22291,1.3,29040,1.4,17.93,17.93,-0.8024041664968948,1.5237346474288536
^VIX,2021-04-26 13:00:00,VIX,2021-07-21,18.0,C,6.3,6.3,6.3,6.3,2,32015,6.2,14569,6.4,17.93,17.93,-0.003896470279123235,1.8779650274853406
^VIX,2021-04-26 13:00:00,VIX,2021-07-21,26.0,C,3.2,3.2,3.2,3.2,5,46885,3.1,42433,3.3,17.93,17.93,-0.3716212504044405,1.5651304380877398
^VIX,2021-04-26 13:00:00,VIX,2021-07-21,20.0,C,5.1,5.1,5.1,5.1,1,45,5.2,33627,5.3,17.93,17.93,-0.10925698593694952,1.6979141876451693
^VIX,2021-04-26 13:00:00,VIX,2021-07-21,30.0,C,2.42,2.42,2.42,2.42,3,22,2.4,1820,2.45,17.93,17.93,-0.5147220940451138,1.5326808938368448
^VIX,2021-04-26 13:00:00,VIX,2021-07-21,35.0,C,1.8,1.8,1.8,1.8,2,23,1.75,2863,1.8,17.93,17.93,-0.6688727738723723,1.5292786224350499
^VIX,2021-04-26 13:00:00,VIX,2021-07-21,21.0,C,4.8,4.8,4.7,4.7,138,26949,4.7,1107,4.8,17.93,17.93,-0.1580471501063815,1.6929841457225359
^VIX,2021-04-26 13:30:00,VIX,2021-07-21,28.0,C,2.78,2.78,2.78,2.78,3,23,2.75,476,2.8,17.96,17.96,-0.4440574473011503,1.5437438684371776
^VIX,2021-04-26 13:30:00,VIX,2021-07-21,15.0,P,0.15,0.15,0.15,0.15,1,39943,0.1,51991,0.2,17.96,17.96,0.1800968617718435,0.3215255403586077
^VIX,2021-04-26 13:30:00,VIX,2021-07-21,30.0,C,2.45,2.45,2.45,2.45,18,22,2.4,554,2.45,17.96,17.96,-0.5130503187881018,1.5383225279004098
^VIX,2021-04-26 13:30:00,VIX,2021-07-21,24.0,C,3.7,3.7,3.7,3.7,1,406,3.7,37338,3.8,17.96,17.96,-0.289906767473892,1.5851526166783154
^VIX,2021-04-26 13:30:00,VIX,2021-07-21,27.0,C,3.0,3.0,3.0,3.0,1,22,2.95,44968,3.1,17.96,17.96,-0.4076898031302755,1.5573062574018117
^VIX,2021-04-26 13:30:00,VIX,2021-07-21,25.0,C,3.44,3.48,3.43,3.47,16,25103,3.4,11213,3.5,17.96,17.96,-0.33072876199414714,1.5724637250729077
^VIX,2021-04-26 13:30:00,VIX,2021-07-21,17.0,P,0.55,0.55,0.55,0.55,1,26978,0.5,53350,0.6,17.96,17.96,0.05493371881783761,0.28944318815784564
^VIX,2021-04-26 13:30:00,VIX,2021-07-21,21.0,C,4.8,4.8,4.79,4.8,18,24163,4.7,990,4.8,17.96,17.96,-0.15637537484936945,1.6877777158604688
^VIX,2021-04-26 14:00:00,VIX,2021-07-21,30.0,C,2.44,2.44,2.35,2.35,16,16986,2.35,25999,2.45,17.78,17.78,-0.5231231515763969,1.555942533096249
^VIX,2021-04-26 14:00:00,VIX,2021-07-21,18.0,C,6.3,6.3,6.3,6.3,100,13000,6.2,32592,6.4,17.78,17.78,-0.012297527810406083,1.910459725681024
^VIX,2021-04-26 14:00:00,VIX,2021-07-21,20.0,C,5.2,5.2,5.2,5.2,20,32988,5.1,41748,5.3,17.78,17.78,-0.11765804346823246,1.7557987694503192
^VIX,2021-04-26 14:00:00,VIX,2021-07-21,80.0,C,0.25,0.25,0.25,0.25,1,47532,0.2,44668,0.3,17.78,17.78,-1.5039524045881232,1.5698246395684219
^VIX,2021-04-26 14:00:00,VIX,2021-07-21,22.0,C,4.37,4.37,4.37,4.37,6,5165,4.3,15973,4.4,17.78,17.78,-0.2129682232725573,1.6691573050455375
^VIX,2021-04-26 14:00:00,VIX,2021-07-21,45.0,C,1.05,1.05,1.05,1.05,5,12287,1.0,28,1.05,17.78,17.78,-0.9285882596845612,1.5419482730668772
^VIX,2021-04-26 14:00:00,VIX,2021-07-21,25.0,C,3.5,3.5,3.5,3.5,30,1392,3.4,38636,3.5,17.78,17.78,-0.34080159478244215,1.6149663148638917
^VIX,2021-04-26 14:00:00,VIX,2021-07-21,40.0,C,1.4,1.4,1.35,1.35,10,11768,1.3,23,1.35,17.78,17.78,-0.8108052240281778,1.5556260414550664
^VIX,2021-04-26 14:30:00,VIX,2021-07-21,40.0,C,1.35,1.35,1.35,1.35,1,8909,1.3,29336,1.4,17.79,17.79,-0.8102429524361926,1.5361782263122592
^VIX,2021-04-26 14:30:00,VIX,2021-07-21,32.5,C,2.04,2.04,2.04,2.04,3,15526,2.0,25661,2.1,17.79,17.79,-0.6026035876579481,1.5319709487887236
^VIX,2021-04-26 14:30:00,VIX,2021-07-21,16.0,P,0.3,0.35,0.3,0.35,10000,666,0.3,46201,0.35,17.79,17.79,0.1060477794379625,0.2919970449843703
^VIX,2021-04-26 14:30:00,VIX,2021-07-21,22.0,C,4.37,4.37,4.37,4.37,2,18456,4.3,1775,4.4,17.79,17.79,-0.21240595168057214,1.6675185928628853
^VIX,2021-04-26 14:30:00,VIX,2021-07-21,35.0,C,1.77,1.77,1.77,1.77,20,1,1.75,14746,1.8,17.79,17.79,-0.67671155981167,1.5331997276646996
^VIX,2021-04-26 14:30:00,VIX,2021-07-21,35.0,P,13.2,13.2,13.2,13.2,1,31454,13.2,40319,13.4,17.79,17.79,-0.67671155981167,
^VIX,2021-04-26 14:30:00,VIX,2021-07-21,30.0,C,2.4,2.4,2.4,2.4,20,19567,2.35,22416,2.45,17.79,17.79,-0.5225608799844117,1.5425907409130277
^VIX,2021-04-26 14:30:00,VIX,2021-07-21,20.0,C,5.2,5.2,5.18,5.18,63,33555,5.1,32006,5.3,17.79,17.79,-0.11709577187624727,1.753935108723239
^VIX,2021-04-26 15:00:00,VIX,2021-07-21,17.0,C,6.9,6.9,6.9,6.9,3,2596,6.9,422,7.0,17.69,17.69,0.03978616411547799,2.0224883348558644
^VIX,2021-04-26 15:00:00,VIX,2021-07-21,32.5,C,2.04,2.04,2.04,2.04,2,2615,2.0,664,2.05,17.69,17.69,-0.6082405811639977,1.5425986555017472
^VIX,2021-04-26 15:00:00,VIX,2021-07-21,35.0,C,1.75,1.75,1.75,1.75,5,31769,1.7,28792,1.8,17.69,17.69,-0.6823485533177197,1.536437633543963
^VIX,2021-04-26 15:00:00,VIX,2021-07-21,15.0,C,8.59,8.59,8.59,8.59,1,722,8.5,9152,8.7,17.69,17.69,0.16494930706948385,2.390595130788557
^VIX,2021-04-26 15:00:00,VIX,2021-07-21,55.0,C,0.65,0.65,0.65,0.65,3,43357,0.6,755,0.65,17.69,17.69,-1.1343336770607768,1.551050458119565
^VIX,2021-04-26 15:00:00,VIX,2021-07-21,30.0,C,2.4,2.4,2.4,2.4,40,8984,2.35,28156,2.45,17.69,17.69,-0.5281978734904614,1.5540768317247513
^VIX,2021-04-26 15:00:00,VIX,2021-07-21,20.0,C,5.2,5.2,5.2,5.2,24,30629,5.1,41526,5.3,17.69,17.69,-0.12273276538229701,1.7726142178338185
^VIX,2021-04-26 15:00:00,VIX,2021-07-21,14.0,P,0.08,0.08,0.08,0.08,100,10276,0.05,58087,0.1,17.69,17.69,0.2339421785564353,0.33346724279310974
^VIX,2021-04-26 15:00:00,VIX,2021-07-21,22.0,C,4.35,4.35,4.35,4.35,50,450,4.3,18666,4.4,17.69,17.69,-0.21804294518662182,1.6780445648121107
^VIX,2021-04-26 15:00:00,VIX,2021-07-21,25.0,C,3.45,3.45,3.42,3.42,94,100,3.4,38724,3.5,17.69,17.69,-0.3458763166965068,1.6130709497189792
^VIX,2021-04-26 15:00:00,VIX,2021-07-21,18.0,C,6.3,6.3,6.3,6.3,10,10373,6.2,32704,6.4,17.69,17.69,-0.017372249724470698,1.930071956801416
^VIX,2021-04-26 15:00:00,VIX,2021-07-21,40.0,C,1.35,1.35,1.32,1.32,27,11,1.3,18845,1.35,17.69,17.69,-0.8158799459422423,1.5451323519841742
^VIX,2021-04-26 15:30:00,VIX,2021-07-21,25.0,C,3.43,3.43,3.3,3.3,160,22,3.4,23748,3.5,17.72,17.72,-0.3441818796912659,1.6030157740089939
^VIX,2021-04-26 15:30:00,VIX,2021-07-21,17.0,C,6.9,6.9,6.9,6.9,10,6801,6.9,34012,7.1,17.72,17.72,0.041480601120718705,2.0153826165017046
^VIX,2021-04-26 15:30:00,VIX,2021-07-21,19.0,C,5.67,5.67,5.67,5.67,2,13978,5.6,16649,5.8,17.72,17.72,-0.06974503398950563,1.8214357271325252
^VIX,2021-04-26 15:30:00,VIX,2021-07-21,50.0,C,0.8,0.8,0.8,0.8,21,45048,0.75,23303,0.85,17.72,17.72,-1.0373290602512113,1.5375195729722506
^VIX,2021-04-26 15:30:00,VIX,2021-07-21,60.0,C,0.5,0.5,0.5,0.5,2,24,0.5,14964,0.55,17.72,17.72,-1.2196506170451658,1.5374195099648023
^VIX,2021-04-26 15:30:00,VIX,2021-07-21,29.0,C,2.53,2.53,2.53,2.53,1,21892,2.5,4575,2.6,17.72,17.72,-0.49260188480953926,1.5455816525948782
^VIX,2021-04-26 15:30:00,VIX,2021-07-21,40.0,C,1.3,1.31,1.25,1.31,514,43702,1.25,12471,1.35,17.72,17.72,-0.8141855089370015,1.5235951938507295
^VIX,2021-04-26 16:00:00,VIX,2021-07-21,70.0,C,0.35,0.35,0.35,0.35,1000,32284,0.3,303,0.35,17.72,17.72,-1.3738012968724242,1.5589401761258221
^VIX,2021-04-26 16:00:00,VIX,2021-07-21,60.0,C,0.52,0.52,0.52,0.52,1000,9,0.5,11220,0.55,17.72,17.72,-1.2196506170451658,1.5501199288163647
^VIX,2021-04-26 16:00:00,VIX,2021-07-21,10.0,C,13.4,13.4,13.4,13.4,5,998,13.3,1639,13.5,17.72,17.72,0.5721088521828891,3.992359870709787
^VIX,2021-04-26 16:00:00,VIX,2021-07-21,24.0,C,3.71,3.71,3.71,3.71,1,24381,3.6,967,3.7,17.72,17.72,-0.3033598851710108,1.623148015201472
^VIX,2021-04-26 16:00:00,VIX,2021-07-21,23.0,C,4.0,4.0,4.0,4.0,10,25155,3.9,39823,4.1,17.72,17.72,-0.2608002707522149,1.6416809468551032
^VIX,2021-04-26 16:00:00,VIX,2021-07-21,21.0,C,4.77,4.77,4.77,4.77,7,33113,4.6,23217,4.8,17.72,17.72,-0.16982849254648813,1.7206946971533712
^VIX,2021-04-26 16:00:00,VIX,2021-07-21,23.0,P,3.6,3.6,3.6,3.6,10,34879,3.5,29669,3.7,17.72,17.72,-0.2608002707522149,
^VIX,2021-04-26 16:00:00,VIX,2021-07-21,20.0,C,5.2,5.2,5.2,5.2,1,18282,5.1,41212,5.3,17.72,17.72,-0.12103832837705622,1.7670005087438483
^VIX,2021-04-26 16:00:00,VIX,2021-07-21,24.0,P,4.22,4.3,4.22,4.3,2,38296,4.2,32150,4.4,17.72,17.72,-0.3033598851710108,
^VIX,2021-04-26 16:00:00,VIX,2021-07-21,22.0,P,2.9,2.9,2.9,2.9,1,4562,2.9,30891,3.0,17.72,17.72,-0.21634850818138102,
^VIX,2021-04-26 16:00:00,VIX,2021-07-21,25.0,C,3.47,3.47,3.4,3.4,736,38694,3.3,33864,3.5,17.72,17.72,-0.3441818796912659,1.6146848375459144
^VIX,2021-04-26 16:00:00,VIX,2021-07-21,26.0,C,3.2,3.2,3.2,3.2,87,16152,3.1,2574,3.2,17.72,17.72,-0.38340259284454714,1.5931708577501429
^VIX,2021-04-26 16:00:00,VIX,2021-07-21,17.0,C,7.1,7.1,7.1,7.1,3,413,6.9,533,7.0,17.72,17.72,0.041480601120718705,2.0829141214701123
^VIX,2021-04-26 16:00:00,VIX,2021-07-21,30.0,C,2.37,2.37,2.37,2.37,20,348,2.35,29887,2.45,17.72,17.72,-0.5265034364852205,1.5414172954727186
^VIX,2021-04-26 16:00:00,VIX,2021-07-21,32.5,C,2.03,2.03,2.03,2.03,2,22,2.0,45491,2.1,17.72,17.72,-0.606546144158757,1.5362008981040811
^VIX,2021-04-26 16:00:00,VIX,2021-07-21,35.0,C,1.74,1.74,1.74,1.74,600,1490,1.7,29331,1.8,17.72,17.72,-0.6806541163124789,1.530080652680746
^VIX,2021-04-26 16:00:00,VIX,2021-07-21,40.0,C,1.32,1.35,1.32,1.35,56,5,1.3,13403,1.35,17.72,17.72,-0.8141855089370015,1.531162438240263
^VIX,2021-04-26 16:00:00,VIX,2021-07-21,95.0,C,0.15,0.15,0.15,0.15,4000,25266,0.1,42138,0.2,17.72,17.72,-1.6791829464236059,1.5783838545459978
^VIX,2021-04-26 16:00:00,VIX,2021-07-21,22.0,C,4.31,4.31,4.31,4.31,10,10,4.3,9000,4.4,17.72,17.72,-0.21634850818138102,1.661342776716809
^VIX,2021-04-26 16:15:00,VIX,2021-07-21,85.0,C,0.2,0.2,0.2,0.2,5,7125,0.15,19090,0.25,17.64,17.64,-1.5724822059116712,1.5681869657403416
^VIX,2021-04-26 16:15:00,VIX,2021-07-21,40.0,C,1.32,1.32,1.3,1.3,55,565,1.25,6646,1.35,17.64,17.64,-0.818710403535291,1.5383072892879843
^VIX,2021-04-26 16:15:00,VIX,2021-07-21,45.0,C,1.0,1.0,1.0,1.0,20,5054,0.95,6996,1.05,17.64,17.64,-0.9364934391916745,1.5320637010826
^VIX,2021-04-26 16:15:00,VIX,2021-07-21,60.0,C,0.5,0.5,0.5,0.5,9,19623,0.45,7521,0.55,17.64,17.64,-1.2241755116434554,1.5427964657317248
^VIX,2021-04-26 16:15:00,VIX,2021-07-21,29.0,C,2.5,2.5,2.5,2.5,1,5893,2.45,1697,2.55,17.64,17.64,-0.49712677940782873,1.5459439601433476
^VIX,2021-04-26 16:15:00,VIX,2021-07-21,65.0,C,0.4,0.4,0.4,0.4,227,20557,0.35,6555,0.45,17.64,17.64,-1.3042182193169918,1.541868245888145
^VIX,2021-04-26 16:15:00,VIX,2021-07-21,25.0,C,3.4,3.42,3.4,3.42,52,5387,3.3,20138,3.5,17.64,17.64,-0.3487067742895555,1.605465548808572
